Traffic Light 3,color,Green,2014-02-21T04:47:40.000+01:00
Traffic Light 3,color,Green,2014-02-21T06:33:19.000+01:00
Traffic Light 1,color,Green,2014-02-21T04:25:50.000+01:00
Traffic Light 2,color,Red,2014-02-21T07:36:02.000+01:00
Traffic Light 1,color,Green,2014-02-21T00:40:45.000+01:00
Traffic Light 4,color,Red,2014-02-21T02:25:22.000+01:00
Traffic Light 4,color,Red,2014-02-21T00:44:01.000+01:00
Traffic Light 2,color,Yellow,2014-02-21T06:47:23.000+01:00
Traffic Light 3,color,Yellow,2014-02-21T03:36:32.000+01:00
Traffic Light 1,color,Yellow,2014-02-21T03:05:00.000+01:00
Traffic Light 1,color,Yellow,2014-02-21T00:34:17.000+01:00
Traffic Light 1,color,Red,2014-02-21T08:43:36.000+01:00
Traffic Light 2,color,Yellow,2014-02-21T11:51:29.000+01:00
Traffic Light 4,color,Green,2014-02-21T10:09:30.000+01:00
Traffic Light 1,color,Green,2014-02-21T11:45:19.000+01:00
Traffic Light 3,color,Green,2014-02-21T09:45:54.000+01:00
Traffic Light 3,color,Yellow,2014-02-21T10:55:55.000+01:00
Traffic Light 1,color,Green,2014-02-21T07:40:05.000+01:00
Traffic Light 2,color,Red,2014-02-21T10:22:20.000+01:00
Traffic Light 2,color,Red,2014-02-21T07:31:22.000+01:00
Traffic Light 2,color,Red,2014-02-21T05:48:42.000+01:00
Traffic Light 3,color,Red,2014-02-21T05:35:06.000+01:00
Traffic Light 4,color,Yellow,2014-02-21T05:58:33.000+01:00
Traffic Light 2,color,Green,2014-02-21T01:08:05.000+01:00
Traffic Light 4,color,Red,2014-02-21T10:46:19.000+01:00
Traffic Light 3,color,Green,2014-02-21T09:23:04.000+01:00
Traffic Light 4,color,Red,2014-02-21T09:23:51.000+01:00
Traffic Light 3,color,Red,2014-02-21T08:03:42.000+01:00
Traffic Light 2,color,Yellow,2014-02-21T01:12:52.000+01:00
Traffic Light 2,color,Green,2014-02-21T01:53:50.000+01:00
Traffic Light 1,color,Yellow,2014-02-21T04:52:42.000+01:00
Traffic Light 1,color,Green,2014-02-21T10:37:06.000+01:00
Traffic Light 1,color,Red,2014-02-21T07:07:15.000+01:00
Traffic Light 3,color,Red,2014-02-21T10:49:42.000+01:00
Traffic Light 3,color,Red,2014-02-21T09:04:33.000+01:00
Traffic Light 2,color,Yellow,2014-02-21T01:27:21.000+01:00
Traffic Light 4,color,Green,2014-02-21T04:04:55.000+01:00
Traffic Light 3,color,Yellow,2014-02-21T07:52:44.000+01:00
Traffic Light 4,color,Green,2014-02-21T02:57:13.000+01:00
Traffic Light 2,color,Yellow,2014-02-21T07:17:07.000+01:00
Traffic Light 2,color,Green,2014-02-21T07:26:19.000+01:00
Traffic Light 4,color,Yellow,2014-02-21T06:07:15.000+01:00
Traffic Light 1,color,Yellow,2014-02-21T03:45:19.000+01:00
Traffic Light 3,color,Yellow,2014-02-21T08:32:25.000+01:00
Traffic Light 1,color,Green,2014-02-21T07:42:27.000+01:00
Traffic Light 2,color,Green,2014-02-21T10:49:46.000+01:00
Traffic Light 4,color,Green,2014-02-21T01:48:31.000+01:00
Traffic Light 3,color,Yellow,2014-02-21T02:02:23.000+01:00
Traffic Light 3,color,Green,2014-02-21T04:09:25.000+01:00
Traffic Light 1,color,Yellow,2014-02-21T06:52:36.000+01:00
Traffic Light 2,color,Yellow,2014-02-21T05:34:47.000+01:00
Traffic Light 4,color,Yellow,2014-02-21T06:41:23.000+01:00
Traffic Light 3,color,Green,2014-02-21T03:32:41.000+01:00
Traffic Light 2,color,Red,2014-02-21T08:00:14.000+01:00
Traffic Light 2,color,Red,2014-02-21T11:20:40.000+01:00
Traffic Light 4,color,Red,2014-02-21T05:37:19.000+01:00
Traffic Light 1,color,Yellow,2014-02-21T04:25:37.000+01:00
Traffic Light 2,color,Red,2014-02-21T10:41:34.000+01:00
Traffic Light 3,color,Yellow,2014-02-21T07:31:41.000+01:00
Traffic Light 3,color,Red,2014-02-21T08:28:40.000+01:00
Traffic Light 1,color,Yellow,2014-02-21T11:43:00.000+01:00
Traffic Light 3,color,Yellow,2014-02-21T07:32:17.000+01:00
Traffic Light 4,color,Yellow,2014-02-21T02:08:46.000+01:00
Traffic Light 1,color,Red,2014-02-21T03:49:14.000+01:00
Traffic Light 1,color,Red,2014-02-21T04:55:21.000+01:00
Traffic Light 3,color,Yellow,2014-02-21T06:34:03.000+01:00
Traffic Light 1,color,Green,2014-02-21T06:46:08.000+01:00
Traffic Light 4,color,Yellow,2014-02-21T06:40:30.000+01:00
Traffic Light 3,color,Green,2014-02-21T00:54:40.000+01:00
Traffic Light 1,color,Green,2014-02-21T07:37:22.000+01:00
Traffic Light 4,color,Yellow,2014-02-21T09:38:40.000+01:00
Traffic Light 3,color,Red,2014-02-21T02:46:31.000+01:00
Traffic Light 2,color,Yellow,2014-02-21T04:34:53.000+01:00
Traffic Light 4,color,Green,2014-02-21T07:23:21.000+01:00
Traffic Light 2,color,Red,2014-02-21T08:21:46.000+01:00
Traffic Light 1,color,Green,2014-02-21T01:36:22.000+01:00
Traffic Light 2,color,Red,2014-02-21T04:49:42.000+01:00
Traffic Light 2,color,Red,2014-02-21T10:04:19.000+01:00
Traffic Light 2,color,Red,2014-02-21T00:50:16.000+01:00
Traffic Light 3,color,Green,2014-02-21T05:43:12.000+01:00
Traffic Light 2,color,Yellow,2014-02-21T04:17:04.000+01:00
Traffic Light 4,color,Green,2014-02-21T01:27:20.000+01:00
Traffic Light 4,color,Yellow,2014-02-21T09:10:59.000+01:00
Traffic Light 3,color,Red,2014-02-21T10:35:08.000+01:00
Traffic Light 4,color,Green,2014-02-21T00:45:49.000+01:00
Traffic Light 2,color,Green,2014-02-21T05:26:28.000+01:00
Traffic Light 3,color,Yellow,2014-02-21T03:09:01.000+01:00
Traffic Light 4,color,Green,2014-02-21T08:19:31.000+01:00
Traffic Light 4,color,Red,2014-02-21T09:59:20.000+01:00
Traffic Light 4,color,Red,2014-02-21T03:36:38.000+01:00
Traffic Light 4,color,Yellow,2014-02-21T03:35:29.000+01:00
Traffic Light 1,color,Red,2014-02-21T10:34:44.000+01:00
Traffic Light 2,color,Red,2014-02-21T10:43:02.000+01:00
Traffic Light 3,color,Yellow,2014-02-21T10:36:36.000+01:00
Traffic Light 2,color,Green,2014-02-21T08:40:49.000+01:00
Traffic Light 3,color,Red,2014-02-21T05:51:11.000+01:00
Traffic Light 2,color,Yellow,2014-02-21T08:24:41.000+01:00
Traffic Light 1,color,Red,2014-02-21T00:28:41.000+01:00
Traffic Light 3,color,Red,2014-02-21T02:26:47.000+01:00
Traffic Light 2,color,Red,2014-02-21T06:08:53.000+01:00
Traffic Light 3,color,Yellow,2014-02-21T02:34:20.000+01:00
Traffic Light 1,color,Green,2014-02-21T10:24:34.000+01:00
Traffic Light 2,color,Yellow,2014-02-21T11:04:32.000+01:00
Traffic Light 4,color,Green,2014-02-21T11:14:41.000+01:00
Traffic Light 2,color,Red,2014-02-21T06:19:11.000+01:00
Traffic Light 1,color,Yellow,2014-02-21T05:45:07.000+01:00
Traffic Light 4,color,Yellow,2014-02-21T05:00:53.000+01:00
Traffic Light 3,color,Yellow,2014-02-21T06:52:22.000+01:00
Traffic Light 2,color,Green,2014-02-21T00:35:57.000+01:00
Traffic Light 1,color,Yellow,2014-02-21T02:46:29.000+01:00
Traffic Light 2,color,Yellow,2014-02-21T09:14:43.000+01:00
Traffic Light 3,color,Green,2014-02-21T07:31:08.000+01:00
Traffic Light 3,color,Green,2014-02-21T02:03:19.000+01:00
Traffic Light 3,color,Yellow,2014-02-21T06:01:31.000+01:00
Traffic Light 4,color,Green,2014-02-21T10:55:05.000+01:00
Traffic Light 4,color,Yellow,2014-02-21T03:29:34.000+01:00
Traffic Light 1,color,Red,2014-02-21T07:11:58.000+01:00
Traffic Light 4,color,Green,2014-02-21T00:59:13.000+01:00
Traffic Light 4,color,Yellow,2014-02-21T05:25:05.000+01:00
Traffic Light 2,color,Red,2014-02-21T07:58:30.000+01:00
Traffic Light 3,color,Red,2014-02-21T06:20:42.000+01:00
Traffic Light 1,color,Green,2014-02-21T04:22:22.000+01:00
Traffic Light 1,color,Yellow,2014-02-21T09:33:21.000+01:00
Traffic Light 1,color,Red,2014-02-21T07:05:17.000+01:00
Traffic Light 1,color,Yellow,2014-02-21T00:13:06.000+01:00
Traffic Light 4,color,Red,2014-02-21T08:53:07.000+01:00
Traffic Light 4,color,Green,2014-02-21T04:44:00.000+01:00
Traffic Light 4,color,Green,2014-02-21T00:03:39.000+01:00
Traffic Light 1,color,Red,2014-02-21T01:53:09.000+01:00
Traffic Light 3,color,Green,2014-02-21T09:51:22.000+01:00
Traffic Light 4,color,Red,2014-02-21T10:09:38.000+01:00
Traffic Light 3,color,Red,2014-02-21T09:54:58.000+01:00
Traffic Light 4,color,Red,2014-02-21T09:54:56.000+01:00
Traffic Light 3,color,Yellow,2014-02-21T09:48:05.000+01:00
Traffic Light 1,color,Green,2014-02-21T10:35:52.000+01:00
Traffic Light 1,color,Red,2014-02-21T01:09:19.000+01:00
Traffic Light 4,color,Yellow,2014-02-21T06:53:41.000+01:00
Traffic Light 2,color,Yellow,2014-02-21T06:41:47.000+01:00
Traffic Light 3,color,Yellow,2014-02-21T06:42:09.000+01:00
Traffic Light 1,color,Red,2014-02-21T11:52:05.000+01:00
Traffic Light 2,color,Yellow,2014-02-21T01:42:15.000+01:00
Traffic Light 4,color,Green,2014-02-21T06:06:33.000+01:00
Traffic Light 4,color,Green,2014-02-21T06:27:15.000+01:00
Traffic Light 3,color,Yellow,2014-02-21T08:31:14.000+01:00
Traffic Light 3,color,Green,2014-02-21T07:48:55.000+01:00
Traffic Light 3,color,Green,2014-02-21T06:31:26.000+01:00
Traffic Light 1,color,Yellow,2014-02-21T10:49:54.000+01:00
Traffic Light 4,color,Yellow,2014-02-21T09:24:00.000+01:00
Traffic Light 2,color,Yellow,2014-02-21T02:09:33.000+01:00
Traffic Light 1,color,Yellow,2014-02-21T11:51:41.000+01:00
Traffic Light 3,color,Yellow,2014-02-21T02:20:19.000+01:00
Traffic Light 3,color,Red,2014-02-21T01:14:52.000+01:00
Traffic Light 2,color,Green,2014-02-21T02:01:09.000+01:00
Traffic Light 3,color,Red,2014-02-21T05:41:12.000+01:00
Traffic Light 4,color,Yellow,2014-02-21T07:45:35.000+01:00
Traffic Light 3,color,Red,2014-02-21T01:09:15.000+01:00
Traffic Light 2,color,Red,2014-02-21T05:53:49.000+01:00
Traffic Light 1,color,Red,2014-02-21T00:42:05.000+01:00
Traffic Light 4,color,Yellow,2014-02-21T00:44:14.000+01:00
Traffic Light 2,color,Yellow,2014-02-21T00:37:59.000+01:00
Traffic Light 2,color,Yellow,2014-02-21T07:27:39.000+01:00
Traffic Light 2,color,Red,2014-02-21T00:48:17.000+01:00
Traffic Light 3,color,Red,2014-02-21T06:50:09.000+01:00
Traffic Light 1,color,Green,2014-02-21T03:03:50.000+01:00
Traffic Light 4,color,Yellow,2014-02-21T08:04:46.000+01:00
Traffic Light 1,color,Red,2014-02-21T06:30:38.000+01:00
Traffic Light 1,color,Red,2014-02-21T01:39:45.000+01:00
Traffic Light 3,color,Green,2014-02-21T09:15:30.000+01:00
Traffic Light 3,color,Yellow,2014-02-21T07:45:30.000+01:00
Traffic Light 4,color,Green,2014-02-21T08:40:34.000+01:00
Traffic Light 1,color,Red,2014-02-21T04:00:39.000+01:00
Traffic Light 1,color,Green,2014-02-21T08:34:39.000+01:00
Traffic Light 1,color,Green,2014-02-21T05:08:38.000+01:00
Traffic Light 3,color,Red,2014-02-21T07:17:18.000+01:00
Traffic Light 1,color,Red,2014-02-21T05:35:20.000+01:00
Traffic Light 3,color,Yellow,2014-02-21T03:04:21.000+01:00
Traffic Light 2,color,Yellow,2014-02-21T06:39:08.000+01:00
Traffic Light 4,color,Yellow,2014-02-21T08:39:17.000+01:00
Traffic Light 3,color,Red,2014-02-21T11:11:48.000+01:00
Traffic Light 4,color,Green,2014-02-21T04:39:15.000+01:00
Traffic Light 2,color,Yellow,2014-02-21T11:25:04.000+01:00
Traffic Light 4,color,Red,2014-02-21T08:44:11.000+01:00
Traffic Light 2,color,Yellow,2014-02-21T00:11:59.000+01:00
Traffic Light 3,color,Red,2014-02-21T07:03:17.000+01:00
Traffic Light 1,color,Green,2014-02-21T09:44:17.000+01:00
Traffic Light 1,color,Green,2014-02-21T01:32:06.000+01:00
Traffic Light 3,color,Green,2014-02-21T07:22:16.000+01:00
Traffic Light 1,color,Yellow,2014-02-21T10:27:39.000+01:00
Traffic Light 1,color,Yellow,2014-02-21T07:30:57.000+01:00
Traffic Light 2,color,Red,2014-02-21T10:12:31.000+01:00
Traffic Light 4,color,Yellow,2014-02-21T10:49:12.000+01:00
Traffic Light 4,color,Yellow,2014-02-21T11:44:10.000+01:00
Traffic Light 2,color,Yellow,2014-02-21T00:12:19.000+01:00
Traffic Light 1,color,Yellow,2014-02-21T08:42:30.000+01:00
Traffic Light 1,color,Green,2014-02-21T09:50:43.000+01:00
Traffic Light 3,color,Green,2014-02-21T00:46:40.000+01:00
Traffic Light 4,color,Yellow,2014-02-21T04:01:04.000+01:00
Traffic Light 3,color,Green,2014-02-21T03:05:18.000+01:00
Traffic Light 3,color,Red,2014-02-21T08:37:22.000+01:00
Traffic Light 2,color,Red,2014-02-21T06:36:45.000+01:00
Traffic Light 3,color,Yellow,2014-02-21T09:18:43.000+01:00
Traffic Light 4,color,Yellow,2014-02-21T07:40:53.000+01:00
Traffic Light 4,color,Yellow,2014-02-21T07:42:13.000+01:00
Traffic Light 3,color,Red,2014-02-21T09:25:29.000+01:00
Traffic Light 4,color,Yellow,2014-02-21T02:10:29.000+01:00
Traffic Light 2,color,Green,2014-02-21T00:31:41.000+01:00
Traffic Light 2,color,Green,2014-02-21T05:08:43.000+01:00
Traffic Light 2,color,Green,2014-02-21T08:16:26.000+01:00
Traffic Light 3,color,Green,2014-02-21T03:00:57.000+01:00
Traffic Light 2,color,Yellow,2014-02-21T10:43:21.000+01:00
Traffic Light 3,color,Green,2014-02-21T01:57:00.000+01:00
Traffic Light 4,color,Green,2014-02-21T00:55:29.000+01:00
Traffic Light 3,color,Red,2014-02-21T04:09:09.000+01:00
Traffic Light 2,color,Yellow,2014-02-21T10:36:23.000+01:00
Traffic Light 3,color,Green,2014-02-21T05:24:58.000+01:00
Traffic Light 1,color,Green,2014-02-21T00:49:17.000+01:00
Traffic Light 3,color,Red,2014-02-21T04:59:03.000+01:00
Traffic Light 3,color,Red,2014-02-21T05:20:17.000+01:00
Traffic Light 4,color,Red,2014-02-21T10:01:53.000+01:00
Traffic Light 1,color,Green,2014-02-21T04:15:44.000+01:00
Traffic Light 1,color,Green,2014-02-21T05:33:12.000+01:00
Traffic Light 1,color,Yellow,2014-02-21T03:22:04.000+01:00
Traffic Light 1,color,Green,2014-02-21T08:53:33.000+01:00
Traffic Light 4,color,Yellow,2014-02-21T08:06:02.000+01:00
Traffic Light 1,color,Green,2014-02-21T07:34:55.000+01:00
Traffic Light 2,color,Red,2014-02-21T00:17:33.000+01:00
Traffic Light 4,color,Yellow,2014-02-21T04:04:18.000+01:00
Traffic Light 2,color,Red,2014-02-21T04:47:08.000+01:00
Traffic Light 4,color,Green,2014-02-21T10:05:45.000+01:00
Traffic Light 1,color,Red,2014-02-21T08:51:40.000+01:00
Traffic Light 3,color,Red,2014-02-21T03:39:16.000+01:00
Traffic Light 1,color,Red,2014-02-21T08:55:06.000+01:00
Traffic Light 4,color,Yellow,2014-02-21T01:36:27.000+01:00
Traffic Light 3,color,Red,2014-02-21T01:55:50.000+01:00
Traffic Light 3,color,Yellow,2014-02-21T03:35:24.000+01:00
Traffic Light 4,color,Red,2014-02-21T10:54:06.000+01:00
Traffic Light 2,color,Green,2014-02-21T05:07:01.000+01:00
Traffic Light 2,color,Red,2014-02-21T01:15:54.000+01:00
Traffic Light 1,color,Red,2014-02-21T01:24:03.000+01:00
Traffic Light 2,color,Yellow,2014-02-21T04:36:41.000+01:00
Traffic Light 3,color,Yellow,2014-02-21T11:00:39.000+01:00
Traffic Light 3,color,Green,2014-02-21T06:18:32.000+01:00
Traffic Light 4,color,Red,2014-02-21T10:25:50.000+01:00
Traffic Light 2,color,Green,2014-02-21T09:55:44.000+01:00
Traffic Light 4,color,Red,2014-02-21T07:01:03.000+01:00
Traffic Light 2,color,Yellow,2014-02-21T02:43:38.000+01:00
Traffic Light 3,color,Red,2014-02-21T00:52:27.000+01:00
Traffic Light 4,color,Red,2014-02-21T01:36:43.000+01:00
Traffic Light 2,color,Green,2014-02-21T02:02:51.000+01:00
Traffic Light 1,color,Green,2014-02-21T01:51:30.000+01:00
Traffic Light 3,color,Red,2014-02-21T07:42:16.000+01:00
Traffic Light 1,color,Red,2014-02-21T04:08:10.000+01:00
Traffic Light 1,color,Green,2014-02-21T07:46:29.000+01:00
Traffic Light 3,color,Yellow,2014-02-21T06:49:17.000+01:00
Traffic Light 4,color,Green,2014-02-21T01:25:25.000+01:00
Traffic Light 2,color,Green,2014-02-21T05:18:13.000+01:00
Traffic Light 3,color,Green,2014-02-21T05:40:32.000+01:00
Traffic Light 4,color,Yellow,2014-02-21T01:25:06.000+01:00
Traffic Light 2,color,Green,2014-02-21T11:37:44.000+01:00
Traffic Light 3,color,Red,2014-02-21T03:47:39.000+01:00
Traffic Light 2,color,Yellow,2014-02-21T00:48:09.000+01:00
Traffic Light 2,color,Red,2014-02-21T07:26:33.000+01:00
Traffic Light 3,color,Yellow,2014-02-21T03:18:21.000+01:00
Traffic Light 1,color,Red,2014-02-21T04:34:59.000+01:00
Traffic Light 4,color,Red,2014-02-21T03:39:19.000+01:00
Traffic Light 2,color,Yellow,2014-02-21T05:12:39.000+01:00
Traffic Light 2,color,Red,2014-02-21T07:20:52.000+01:00
Traffic Light 1,color,Red,2014-02-21T03:03:38.000+01:00
Traffic Light 2,color,Red,2014-02-21T10:41:40.000+01:00
Traffic Light 2,color,Red,2014-02-21T11:46:44.000+01:00
Traffic Light 2,color,Green,2014-02-21T08:06:13.000+01:00
Traffic Light 2,color,Green,2014-02-21T03:04:53.000+01:00
Traffic Light 2,color,Green,2014-02-21T02:42:18.000+01:00
Traffic Light 3,color,Red,2014-02-21T05:28:08.000+01:00
Traffic Light 2,color,Green,2014-02-21T08:32:22.000+01:00
Traffic Light 2,color,Yellow,2014-02-21T03:44:51.000+01:00
Traffic Light 3,color,Red,2014-02-21T01:03:30.000+01:00
Traffic Light 2,color,Green,2014-02-21T11:19:40.000+01:00
Traffic Light 2,color,Red,2014-02-21T01:39:27.000+01:00
Traffic Light 2,color,Yellow,2014-02-21T09:07:08.000+01:00
Traffic Light 1,color,Red,2014-02-21T08:31:29.000+01:00
Traffic Light 2,color,Yellow,2014-02-21T01:34:52.000+01:00
Traffic Light 1,color,Yellow,2014-02-21T07:11:42.000+01:00
Traffic Light 3,color,Red,2014-02-21T03:50:29.000+01:00
Traffic Light 2,color,Red,2014-02-21T04:33:40.000+01:00
Traffic Light 4,color,Green,2014-02-21T11:57:33.000+01:00
Traffic Light 1,color,Green,2014-02-21T01:49:09.000+01:00
Traffic Light 3,color,Yellow,2014-02-21T02:39:04.000+01:00
Traffic Light 2,color,Red,2014-02-21T04:23:41.000+01:00
Traffic Light 2,color,Red,2014-02-21T07:34:01.000+01:00
Traffic Light 1,color,Red,2014-02-21T01:40:50.000+01:00
Traffic Light 4,color,Green,2014-02-21T05:09:00.000+01:00
Traffic Light 2,color,Red,2014-02-21T03:13:52.000+01:00
Traffic Light 2,color,Red,2014-02-21T06:42:32.000+01:00
Traffic Light 4,color,Yellow,2014-02-21T02:10:20.000+01:00
Traffic Light 3,color,Red,2014-02-21T10:04:37.000+01:00
Traffic Light 2,color,Red,2014-02-21T01:20:31.000+01:00
Traffic Light 3,color,Green,2014-02-21T10:27:02.000+01:00
Traffic Light 4,color,Red,2014-02-21T04:16:37.000+01:00
Traffic Light 2,color,Yellow,2014-02-21T08:40:46.000+01:00
Traffic Light 3,color,Yellow,2014-02-21T01:34:56.000+01:00
Traffic Light 1,color,Yellow,2014-02-21T09:40:24.000+01:00
Traffic Light 3,color,Red,2014-02-21T03:25:16.000+01:00
Traffic Light 3,color,Red,2014-02-21T04:08:31.000+01:00
Traffic Light 3,color,Yellow,2014-02-21T02:58:34.000+01:00
Traffic Light 2,color,Green,2014-02-21T11:37:03.000+01:00
Traffic Light 3,color,Red,2014-02-21T11:04:23.000+01:00
Traffic Light 4,color,Red,2014-02-21T07:57:35.000+01:00
Traffic Light 3,color,Green,2014-02-21T10:45:26.000+01:00
Traffic Light 3,color,Yellow,2014-02-21T01:45:12.000+01:00
Traffic Light 2,color,Yellow,2014-02-21T00:42:17.000+01:00
Traffic Light 1,color,Yellow,2014-02-21T05:48:08.000+01:00
Traffic Light 2,color,Red,2014-02-21T05:44:44.000+01:00
Traffic Light 2,color,Yellow,2014-02-21T09:18:06.000+01:00
Traffic Light 1,color,Yellow,2014-02-21T02:23:46.000+01:00
Traffic Light 4,color,Green,2014-02-21T04:09:54.000+01:00
Traffic Light 3,color,Yellow,2014-02-21T06:30:13.000+01:00
Traffic Light 1,color,Red,2014-02-21T02:18:29.000+01:00
Traffic Light 1,color,Yellow,2014-02-21T01:05:05.000+01:00
Traffic Light 3,color,Yellow,2014-02-21T08:22:15.000+01:00
Traffic Light 2,color,Red,2014-02-21T04:38:24.000+01:00
Traffic Light 2,color,Green,2014-02-21T06:08:45.000+01:00
Traffic Light 2,color,Yellow,2014-02-21T07:42:25.000+01:00
Traffic Light 2,color,Yellow,2014-02-21T02:02:35.000+01:00
Traffic Light 2,color,Green,2014-02-21T11:02:38.000+01:00
Traffic Light 4,color,Red,2014-02-21T04:29:27.000+01:00
Traffic Light 3,color,Green,2014-02-21T10:04:47.000+01:00
Traffic Light 4,color,Yellow,2014-02-21T05:00:24.000+01:00
Traffic Light 3,color,Yellow,2014-02-21T02:22:15.000+01:00
Traffic Light 4,color,Green,2014-02-21T09:52:17.000+01:00
Traffic Light 4,color,Yellow,2014-02-21T01:47:59.000+01:00
Traffic Light 1,color,Yellow,2014-02-21T01:43:36.000+01:00
Traffic Light 4,color,Yellow,2014-02-21T10:51:36.000+01:00
Traffic Light 1,color,Green,2014-02-21T03:08:57.000+01:00
Traffic Light 4,color,Green,2014-02-21T03:55:16.000+01:00
Traffic Light 1,color,Red,2014-02-21T00:59:28.000+01:00
Traffic Light 2,color,Red,2014-02-21T01:01:50.000+01:00
Traffic Light 4,color,Green,2014-02-21T03:58:34.000+01:00
Traffic Light 2,color,Yellow,2014-02-21T09:33:55.000+01:00
Traffic Light 2,color,Red,2014-02-21T07:54:31.000+01:00
Traffic Light 1,color,Yellow,2014-02-21T02:48:24.000+01:00
Traffic Light 4,color,Yellow,2014-02-21T00:12:54.000+01:00
Traffic Light 1,color,Green,2014-02-21T05:15:09.000+01:00
Traffic Light 2,color,Yellow,2014-02-21T01:13:47.000+01:00
Traffic Light 3,color,Red,2014-02-21T05:32:57.000+01:00
Traffic Light 1,color,Green,2014-02-21T04:06:10.000+01:00
Traffic Light 4,color,Green,2014-02-21T07:56:06.000+01:00
Traffic Light 4,color,Yellow,2014-02-21T10:38:56.000+01:00
Traffic Light 1,color,Green,2014-02-21T07:04:36.000+01:00
Traffic Light 3,color,Red,2014-02-21T00:51:49.000+01:00
Traffic Light 3,color,Yellow,2014-02-21T07:38:35.000+01:00
Traffic Light 3,color,Green,2014-02-21T02:32:01.000+01:00
Traffic Light 3,color,Green,2014-02-21T08:49:26.000+01:00
Traffic Light 3,color,Green,2014-02-21T09:48:52.000+01:00
Traffic Light 2,color,Yellow,2014-02-21T01:19:59.000+01:00
Traffic Light 1,color,Yellow,2014-02-21T11:57:32.000+01:00
Traffic Light 2,color,Yellow,2014-02-21T04:57:04.000+01:00
Traffic Light 1,color,Red,2014-02-21T06:52:54.000+01:00
Traffic Light 4,color,Red,2014-02-21T06:54:30.000+01:00
Traffic Light 4,color,Green,2014-02-21T06:51:36.000+01:00
Traffic Light 3,color,Yellow,2014-02-21T11:45:26.000+01:00
Traffic Light 3,color,Red,2014-02-21T09:16:23.000+01:00
Traffic Light 3,color,Red,2014-02-21T00:51:13.000+01:00
Traffic Light 2,color,Red,2014-02-21T10:43:15.000+01:00
Traffic Light 1,color,Green,2014-02-21T05:28:43.000+01:00
Traffic Light 2,color,Green,2014-02-21T01:39:07.000+01:00
Traffic Light 3,color,Yellow,2014-02-21T09:03:50.000+01:00
Traffic Light 4,color,Green,2014-02-21T06:51:06.000+01:00
Traffic Light 2,color,Red,2014-02-21T03:29:54.000+01:00
Traffic Light 1,color,Red,2014-02-21T10:05:34.000+01:00
Traffic Light 4,color,Yellow,2014-02-21T04:58:37.000+01:00
Traffic Light 4,color,Red,2014-02-21T00:48:23.000+01:00
Traffic Light 3,color,Green,2014-02-21T09:44:18.000+01:00
Traffic Light 4,color,Green,2014-02-21T05:02:40.000+01:00
Traffic Light 3,color,Green,2014-02-21T01:24:40.000+01:00
Traffic Light 2,color,Green,2014-02-21T04:43:32.000+01:00
Traffic Light 2,color,Green,2014-02-21T09:15:27.000+01:00
Traffic Light 3,color,Green,2014-02-21T07:58:02.000+01:00
Traffic Light 1,color,Yellow,2014-02-21T11:30:41.000+01:00
Traffic Light 2,color,Red,2014-02-21T07:49:11.000+01:00
Traffic Light 2,color,Green,2014-02-21T00:25:50.000+01:00
Traffic Light 4,color,Red,2014-02-21T04:17:23.000+01:00
Traffic Light 1,color,Yellow,2014-02-21T09:06:01.000+01:00
Traffic Light 3,color,Green,2014-02-21T10:11:55.000+01:00
Traffic Light 1,color,Yellow,2014-02-21T00:48:39.000+01:00
Traffic Light 4,color,Red,2014-02-21T01:24:09.000+01:00
Traffic Light 1,color,Green,2014-02-21T06:18:09.000+01:00
Traffic Light 3,color,Yellow,2014-02-21T10:02:48.000+01:00
Traffic Light 3,color,Green,2014-02-21T02:26:36.000+01:00
Traffic Light 1,color,Green,2014-02-21T07:34:18.000+01:00
Traffic Light 4,color,Yellow,2014-02-21T06:34:33.000+01:00
Traffic Light 3,color,Yellow,2014-02-21T08:38:16.000+01:00
Traffic Light 3,color,Red,2014-02-21T10:42:13.000+01:00
Traffic Light 4,color,Green,2014-02-21T08:57:43.000+01:00
Traffic Light 4,color,Yellow,2014-02-21T10:17:37.000+01:00
Traffic Light 2,color,Green,2014-02-21T03:57:20.000+01:00
Traffic Light 1,color,Red,2014-02-21T05:21:52.000+01:00
Traffic Light 4,color,Green,2014-02-21T00:08:00.000+01:00
Traffic Light 4,color,Red,2014-02-21T11:05:45.000+01:00
Traffic Light 3,color,Green,2014-02-21T11:23:33.000+01:00
Traffic Light 3,color,Green,2014-02-21T11:52:52.000+01:00
Traffic Light 4,color,Yellow,2014-02-21T09:12:54.000+01:00
Traffic Light 2,color,Red,2014-02-21T04:12:36.000+01:00
Traffic Light 1,color,Green,2014-02-21T10:22:55.000+01:00
Traffic Light 1,color,Red,2014-02-21T03:53:30.000+01:00
Traffic Light 2,color,Yellow,2014-02-21T06:44:07.000+01:00
Traffic Light 2,color,Red,2014-02-21T06:11:33.000+01:00
Traffic Light 4,color,Yellow,2014-02-21T10:51:45.000+01:00
Traffic Light 3,color,Green,2014-02-21T00:22:35.000+01:00
Traffic Light 2,color,Green,2014-02-21T10:30:00.000+01:00
Traffic Light 2,color,Red,2014-02-21T02:02:06.000+01:00
Traffic Light 2,color,Red,2014-02-21T09:13:36.000+01:00
Traffic Light 1,color,Red,2014-02-21T09:23:13.000+01:00
Traffic Light 3,color,Green,2014-02-21T07:43:18.000+01:00
Traffic Light 4,color,Yellow,2014-02-21T05:54:39.000+01:00
Traffic Light 4,color,Yellow,2014-02-21T05:40:01.000+01:00
Traffic Light 2,color,Green,2014-02-21T09:28:02.000+01:00
Traffic Light 4,color,Red,2014-02-21T06:10:57.000+01:00
Traffic Light 4,color,Yellow,2014-02-21T11:35:03.000+01:00
Traffic Light 4,color,Green,2014-02-21T04:06:22.000+01:00
Traffic Light 4,color,Green,2014-02-21T09:39:40.000+01:00
Traffic Light 1,color,Green,2014-02-21T03:09:50.000+01:00
Traffic Light 3,color,Red,2014-02-21T06:38:49.000+01:00
Traffic Light 4,color,Green,2014-02-21T00:59:05.000+01:00
Traffic Light 2,color,Green,2014-02-21T03:24:27.000+01:00
Traffic Light 1,color,Yellow,2014-02-21T08:09:59.000+01:00
Traffic Light 3,color,Red,2014-02-21T02:00:38.000+01:00
Traffic Light 2,color,Green,2014-02-21T08:27:41.000+01:00
Traffic Light 4,color,Red,2014-02-21T00:17:40.000+01:00
Traffic Light 3,color,Yellow,2014-02-21T07:45:57.000+01:00
Traffic Light 2,color,Green,2014-02-21T07:25:42.000+01:00
Traffic Light 2,color,Green,2014-02-21T10:30:11.000+01:00
Traffic Light 1,color,Red,2014-02-21T09:58:42.000+01:00
Traffic Light 1,color,Green,2014-02-21T09:42:09.000+01:00
Traffic Light 1,color,Green,2014-02-21T11:46:53.000+01:00
Traffic Light 2,color,Red,2014-02-21T02:00:12.000+01:00
Traffic Light 4,color,Red,2014-02-21T00:31:15.000+01:00
Traffic Light 3,color,Green,2014-02-21T06:26:49.000+01:00
Traffic Light 2,color,Green,2014-02-21T10:42:37.000+01:00
Traffic Light 4,color,Yellow,2014-02-21T00:51:52.000+01:00
Traffic Light 1,color,Yellow,2014-02-21T03:56:09.000+01:00
Traffic Light 4,color,Red,2014-02-21T09:22:55.000+01:00
Traffic Light 1,color,Red,2014-02-21T11:52:47.000+01:00
Traffic Light 4,color,Green,2014-02-21T02:02:57.000+01:00
Traffic Light 4,color,Yellow,2014-02-21T06:02:47.000+01:00
Traffic Light 2,color,Green,2014-02-21T07:34:36.000+01:00
Traffic Light 3,color,Green,2014-02-21T09:51:52.000+01:00
Traffic Light 2,color,Green,2014-02-21T05:07:07.000+01:00
Traffic Light 4,color,Green,2014-02-21T10:16:36.000+01:00
Traffic Light 4,color,Yellow,2014-02-21T08:33:26.000+01:00
Traffic Light 1,color,Green,2014-02-21T08:07:29.000+01:00
Traffic Light 2,color,Red,2014-02-21T01:28:46.000+01:00
Traffic Light 2,color,Green,2014-02-21T00:22:35.000+01:00
Traffic Light 2,color,Yellow,2014-02-21T10:58:27.000+01:00
Traffic Light 4,color,Yellow,2014-02-21T02:52:14.000+01:00
Traffic Light 3,color,Green,2014-02-21T05:11:07.000+01:00
Traffic Light 2,color,Red,2014-02-21T00:47:29.000+01:00
Traffic Light 4,color,Yellow,2014-02-21T02:39:38.000+01:00
Traffic Light 3,color,Green,2014-02-21T06:57:35.000+01:00
Traffic Light 4,color,Yellow,2014-02-21T09:21:57.000+01:00
Traffic Light 1,color,Green,2014-02-21T09:09:48.000+01:00
Traffic Light 4,color,Green,2014-02-21T06:12:40.000+01:00
Traffic Light 4,color,Yellow,2014-02-21T00:11:00.000+01:00
Traffic Light 3,color,Green,2014-02-21T04:18:10.000+01:00
Traffic Light 3,color,Yellow,2014-02-21T06:01:20.000+01:00
Traffic Light 4,color,Red,2014-02-21T05:35:57.000+01:00
Traffic Light 4,color,Red,2014-02-21T07:45:21.000+01:00
Traffic Light 2,color,Yellow,2014-02-21T06:43:12.000+01:00
Traffic Light 3,color,Red,2014-02-21T11:13:01.000+01:00
Traffic Light 1,color,Red,2014-02-21T06:03:26.000+01:00
Traffic Light 3,color,Red,2014-02-21T08:59:23.000+01:00
Traffic Light 4,color,Yellow,2014-02-21T06:24:05.000+01:00
Traffic Light 2,color,Green,2014-02-21T09:53:53.000+01:00
Traffic Light 1,color,Red,2014-02-21T07:15:54.000+01:00
Traffic Light 1,color,Yellow,2014-02-21T03:51:26.000+01:00
Traffic Light 2,color,Green,2014-02-21T09:41:56.000+01:00
Traffic Light 1,color,Red,2014-02-21T03:44:47.000+01:00
Traffic Light 2,color,Yellow,2014-02-21T10:58:37.000+01:00
Traffic Light 4,color,Green,2014-02-21T05:55:48.000+01:00
Traffic Light 3,color,Red,2014-02-21T06:48:13.000+01:00
Traffic Light 1,color,Red,2014-02-21T11:16:32.000+01:00
Traffic Light 2,color,Green,2014-02-21T07:01:29.000+01:00
Traffic Light 3,color,Yellow,2014-02-21T00:54:42.000+01:00
Traffic Light 4,color,Green,2014-02-21T10:25:49.000+01:00
Traffic Light 1,color,Green,2014-02-21T09:08:17.000+01:00
Traffic Light 4,color,Red,2014-02-21T04:41:41.000+01:00
Traffic Light 1,color,Yellow,2014-02-21T11:26:54.000+01:00
Traffic Light 4,color,Yellow,2014-02-21T04:34:50.000+01:00
Traffic Light 4,color,Yellow,2014-02-21T00:47:35.000+01:00
Traffic Light 2,color,Green,2014-02-21T02:15:03.000+01:00
Traffic Light 4,color,Yellow,2014-02-21T11:19:25.000+01:00
Traffic Light 2,color,Yellow,2014-02-21T07:50:08.000+01:00
Traffic Light 2,color,Red,2014-02-21T11:29:25.000+01:00
Traffic Light 4,color,Green,2014-02-21T06:09:25.000+01:00
Traffic Light 4,color,Green,2014-02-21T10:07:52.000+01:00
Traffic Light 1,color,Yellow,2014-02-21T09:05:51.000+01:00
Traffic Light 3,color,Green,2014-02-21T09:07:00.000+01:00
Traffic Light 3,color,Yellow,2014-02-21T00:03:24.000+01:00
Traffic Light 1,color,Red,2014-02-21T04:08:02.000+01:00
Traffic Light 2,color,Green,2014-02-21T03:54:14.000+01:00
Traffic Light 3,color,Red,2014-02-21T02:56:40.000+01:00
Traffic Light 4,color,Green,2014-02-21T08:00:10.000+01:00
Traffic Light 4,color,Green,2014-02-21T04:52:28.000+01:00
Traffic Light 4,color,Yellow,2014-02-21T03:02:50.000+01:00
Traffic Light 1,color,Red,2014-02-21T06:06:58.000+01:00
Traffic Light 4,color,Red,2014-02-21T02:59:31.000+01:00
Traffic Light 3,color,Red,2014-02-21T06:31:33.000+01:00
Traffic Light 2,color,Green,2014-02-21T01:09:05.000+01:00
Traffic Light 1,color,Yellow,2014-02-21T08:11:37.000+01:00
Traffic Light 4,color,Yellow,2014-02-21T11:54:30.000+01:00
Traffic Light 1,color,Red,2014-02-21T11:32:28.000+01:00
Traffic Light 1,color,Red,2014-02-21T07:30:22.000+01:00
Traffic Light 1,color,Yellow,2014-02-21T05:36:03.000+01:00
Traffic Light 1,color,Yellow,2014-02-21T06:22:38.000+01:00
Traffic Light 1,color,Red,2014-02-21T00:19:24.000+01:00
Traffic Light 1,color,Red,2014-02-21T09:52:22.000+01:00
Traffic Light 1,color,Yellow,2014-02-21T02:33:47.000+01:00
Traffic Light 1,color,Green,2014-02-21T06:21:39.000+01:00
Traffic Light 4,color,Green,2014-02-21T00:34:43.000+01:00
Traffic Light 1,color,Yellow,2014-02-21T01:48:13.000+01:00
Traffic Light 1,color,Red,2014-02-21T00:13:13.000+01:00
Traffic Light 4,color,Red,2014-02-21T08:53:48.000+01:00
Traffic Light 1,color,Red,2014-02-21T04:32:45.000+01:00
Traffic Light 2,color,Red,2014-02-21T08:38:30.000+01:00
Traffic Light 1,color,Green,2014-02-21T11:45:09.000+01:00
Traffic Light 4,color,Yellow,2014-02-21T09:29:36.000+01:00
Traffic Light 3,color,Yellow,2014-02-21T10:48:33.000+01:00
Traffic Light 4,color,Red,2014-02-21T03:52:18.000+01:00
Traffic Light 1,color,Red,2014-02-21T03:31:12.000+01:00
Traffic Light 2,color,Red,2014-02-21T05:03:36.000+01:00
Traffic Light 3,color,Red,2014-02-21T07:08:41.000+01:00
Traffic Light 1,color,Yellow,2014-02-21T02:18:35.000+01:00
Traffic Light 1,color,Yellow,2014-02-21T11:00:13.000+01:00
Traffic Light 1,color,Yellow,2014-02-21T03:52:15.000+01:00
Traffic Light 2,color,Red,2014-02-21T06:07:30.000+01:00
Traffic Light 1,color,Green,2014-02-21T08:36:29.000+01:00
Traffic Light 1,color,Yellow,2014-02-21T11:26:13.000+01:00
Traffic Light 3,color,Green,2014-02-21T04:40:21.000+01:00
Traffic Light 1,color,Yellow,2014-02-21T07:38:06.000+01:00
Traffic Light 4,color,Green,2014-02-21T04:42:14.000+01:00
Traffic Light 2,color,Green,2014-02-21T05:09:26.000+01:00
Traffic Light 1,color,Yellow,2014-02-21T03:43:15.000+01:00
Traffic Light 4,color,Yellow,2014-02-21T08:16:07.000+01:00
Traffic Light 3,color,Yellow,2014-02-21T01:35:08.000+01:00
Traffic Light 2,color,Red,2014-02-21T11:05:49.000+01:00
Traffic Light 3,color,Green,2014-02-21T02:21:01.000+01:00
Traffic Light 1,color,Red,2014-02-21T07:55:18.000+01:00
Traffic Light 2,color,Red,2014-02-21T03:45:49.000+01:00
Traffic Light 1,color,Red,2014-02-21T09:53:11.000+01:00
Traffic Light 4,color,Yellow,2014-02-21T11:47:29.000+01:00
Traffic Light 4,color,Yellow,2014-02-21T04:58:29.000+01:00
Traffic Light 1,color,Red,2014-02-21T03:44:37.000+01:00
Traffic Light 3,color,Green,2014-02-21T06:32:34.000+01:00
Traffic Light 4,color,Red,2014-02-21T03:01:12.000+01:00
Traffic Light 2,color,Green,2014-02-21T10:44:33.000+01:00
Traffic Light 4,color,Yellow,2014-02-21T09:58:16.000+01:00
Traffic Light 4,color,Green,2014-02-21T02:41:38.000+01:00
Traffic Light 4,color,Red,2014-02-21T09:32:39.000+01:00
Traffic Light 2,color,Green,2014-02-21T06:24:55.000+01:00
Traffic Light 1,color,Yellow,2014-02-21T05:07:38.000+01:00
Traffic Light 3,color,Yellow,2014-02-21T11:41:44.000+01:00
Traffic Light 3,color,Green,2014-02-21T01:09:32.000+01:00
Traffic Light 1,color,Yellow,2014-02-21T08:37:42.000+01:00
Traffic Light 2,color,Red,2014-02-21T09:34:01.000+01:00
Traffic Light 4,color,Yellow,2014-02-21T08:40:34.000+01:00
Traffic Light 4,color,Yellow,2014-02-21T07:20:44.000+01:00
Traffic Light 3,color,Red,2014-02-21T07:46:44.000+01:00
Traffic Light 3,color,Green,2014-02-21T04:00:20.000+01:00
Traffic Light 2,color,Green,2014-02-21T07:01:01.000+01:00
Traffic Light 4,color,Yellow,2014-02-21T02:21:16.000+01:00
Traffic Light 1,color,Yellow,2014-02-21T11:09:14.000+01:00
Traffic Light 1,color,Green,2014-02-21T01:05:57.000+01:00
Traffic Light 1,color,Green,2014-02-21T02:55:16.000+01:00
Traffic Light 4,color,Red,2014-02-21T04:33:35.000+01:00
Traffic Light 2,color,Red,2014-02-21T01:32:25.000+01:00
Traffic Light 1,color,Yellow,2014-02-21T03:42:49.000+01:00
Traffic Light 2,color,Green,2014-02-21T02:58:06.000+01:00
Traffic Light 2,color,Red,2014-02-21T07:28:50.000+01:00
Traffic Light 1,color,Green,2014-02-21T03:57:35.000+01:00
Traffic Light 4,color,Green,2014-02-21T05:05:26.000+01:00
Traffic Light 1,color,Red,2014-02-21T04:44:43.000+01:00
Traffic Light 3,color,Red,2014-02-21T08:14:49.000+01:00
Traffic Light 3,color,Yellow,2014-02-21T01:08:19.000+01:00
Traffic Light 1,color,Yellow,2014-02-21T10:32:35.000+01:00
Traffic Light 1,color,Green,2014-02-21T10:44:51.000+01:00
Traffic Light 2,color,Yellow,2014-02-21T01:44:19.000+01:00
Traffic Light 4,color,Yellow,2014-02-21T05:32:02.000+01:00
Traffic Light 4,color,Green,2014-02-21T02:09:05.000+01:00
Traffic Light 2,color,Red,2014-02-21T06:52:27.000+01:00
Traffic Light 3,color,Red,2014-02-21T06:06:09.000+01:00
Traffic Light 3,color,Green,2014-02-21T08:42:35.000+01:00
Traffic Light 4,color,Green,2014-02-21T01:22:33.000+01:00
Traffic Light 2,color,Yellow,2014-02-21T05:02:58.000+01:00
Traffic Light 1,color,Red,2014-02-21T08:55:35.000+01:00
Traffic Light 1,color,Green,2014-02-21T11:21:05.000+01:00
Traffic Light 3,color,Red,2014-02-21T06:07:55.000+01:00
Traffic Light 1,color,Green,2014-02-21T03:10:49.000+01:00
Traffic Light 1,color,Green,2014-02-21T08:28:35.000+01:00
Traffic Light 2,color,Red,2014-02-21T09:20:15.000+01:00
Traffic Light 2,color,Red,2014-02-21T08:45:37.000+01:00
Traffic Light 4,color,Yellow,2014-02-21T07:07:11.000+01:00
Traffic Light 4,color,Yellow,2014-02-21T03:58:52.000+01:00
Traffic Light 2,color,Green,2014-02-21T06:58:13.000+01:00
Traffic Light 3,color,Yellow,2014-02-21T04:17:18.000+01:00
Traffic Light 1,color,Green,2014-02-21T02:48:01.000+01:00
Traffic Light 1,color,Red,2014-02-21T04:03:31.000+01:00
Traffic Light 4,color,Green,2014-02-21T08:37:23.000+01:00
Traffic Light 4,color,Red,2014-02-21T10:14:37.000+01:00
Traffic Light 4,color,Yellow,2014-02-21T05:36:45.000+01:00
Traffic Light 2,color,Yellow,2014-02-21T01:33:29.000+01:00
Traffic Light 2,color,Green,2014-02-21T02:29:28.000+01:00
Traffic Light 2,color,Green,2014-02-21T01:59:50.000+01:00
Traffic Light 3,color,Red,2014-02-21T04:09:01.000+01:00
Traffic Light 1,color,Red,2014-02-21T08:11:48.000+01:00
Traffic Light 4,color,Yellow,2014-02-21T07:55:09.000+01:00
Traffic Light 4,color,Green,2014-02-21T07:03:32.000+01:00
Traffic Light 3,color,Red,2014-02-21T03:09:27.000+01:00
Traffic Light 1,color,Yellow,2014-02-21T00:52:41.000+01:00
Traffic Light 2,color,Red,2014-02-21T01:31:00.000+01:00
Traffic Light 2,color,Red,2014-02-21T04:15:09.000+01:00
Traffic Light 2,color,Red,2014-02-21T04:11:44.000+01:00
Traffic Light 1,color,Green,2014-02-21T02:42:28.000+01:00
Traffic Light 2,color,Green,2014-02-21T07:55:32.000+01:00
Traffic Light 3,color,Green,2014-02-21T03:33:09.000+01:00
Traffic Light 1,color,Yellow,2014-02-21T10:37:04.000+01:00
Traffic Light 2,color,Yellow,2014-02-21T09:36:35.000+01:00
Traffic Light 3,color,Green,2014-02-21T07:51:54.000+01:00
Traffic Light 1,color,Yellow,2014-02-21T07:28:17.000+01:00
Traffic Light 3,color,Green,2014-02-21T09:08:01.000+01:00
Traffic Light 3,color,Yellow,2014-02-21T11:40:08.000+01:00
Traffic Light 3,color,Green,2014-02-21T02:20:38.000+01:00
Traffic Light 4,color,Yellow,2014-02-21T07:26:00.000+01:00
Traffic Light 2,color,Green,2014-02-21T02:01:51.000+01:00
Traffic Light 4,color,Red,2014-02-21T09:43:21.000+01:00
Traffic Light 3,color,Yellow,2014-02-21T07:13:43.000+01:00
Traffic Light 3,color,Yellow,2014-02-21T01:23:55.000+01:00
Traffic Light 3,color,Red,2014-02-21T11:19:47.000+01:00
Traffic Light 3,color,Red,2014-02-21T07:10:58.000+01:00
Traffic Light 3,color,Red,2014-02-21T07:14:49.000+01:00
Traffic Light 2,color,Yellow,2014-02-21T05:04:10.000+01:00
Traffic Light 3,color,Green,2014-02-21T09:53:27.000+01:00
Traffic Light 3,color,Green,2014-02-21T07:59:23.000+01:00
Traffic Light 4,color,Green,2014-02-21T00:25:50.000+01:00
Traffic Light 3,color,Red,2014-02-21T09:08:20.000+01:00
Traffic Light 3,color,Red,2014-02-21T09:25:35.000+01:00
Traffic Light 4,color,Green,2014-02-21T06:26:52.000+01:00
Traffic Light 3,color,Green,2014-02-21T08:22:20.000+01:00
Traffic Light 2,color,Green,2014-02-21T06:20:43.000+01:00
Traffic Light 3,color,Green,2014-02-21T01:36:59.000+01:00
Traffic Light 3,color,Green,2014-02-21T08:43:58.000+01:00
Traffic Light 4,color,Yellow,2014-02-21T09:54:11.000+01:00
Traffic Light 2,color,Red,2014-02-21T09:21:13.000+01:00
Traffic Light 1,color,Green,2014-02-21T08:58:02.000+01:00
Traffic Light 2,color,Yellow,2014-02-21T03:53:28.000+01:00
Traffic Light 4,color,Yellow,2014-02-21T03:09:18.000+01:00
Traffic Light 2,color,Red,2014-02-21T00:52:39.000+01:00
Traffic Light 1,color,Red,2014-02-21T01:58:06.000+01:00
Traffic Light 3,color,Green,2014-02-21T06:04:31.000+01:00
Traffic Light 4,color,Red,2014-02-21T09:33:05.000+01:00
Traffic Light 1,color,Yellow,2014-02-21T05:37:52.000+01:00
Traffic Light 4,color,Green,2014-02-21T10:39:18.000+01:00
Traffic Light 4,color,Red,2014-02-21T03:55:12.000+01:00
Traffic Light 1,color,Red,2014-02-21T01:40:22.000+01:00
Traffic Light 3,color,Yellow,2014-02-21T06:13:39.000+01:00
Traffic Light 4,color,Red,2014-02-21T04:10:28.000+01:00
Traffic Light 2,color,Green,2014-02-21T02:09:22.000+01:00
Traffic Light 3,color,Red,2014-02-21T11:37:52.000+01:00
Traffic Light 4,color,Green,2014-02-21T04:42:30.000+01:00
Traffic Light 4,color,Red,2014-02-21T03:27:56.000+01:00
Traffic Light 3,color,Green,2014-02-21T03:30:37.000+01:00
Traffic Light 3,color,Green,2014-02-21T09:30:49.000+01:00
Traffic Light 2,color,Yellow,2014-02-21T01:33:34.000+01:00
Traffic Light 3,color,Yellow,2014-02-21T01:11:35.000+01:00
Traffic Light 1,color,Green,2014-02-21T10:26:58.000+01:00
Traffic Light 3,color,Red,2014-02-21T06:30:15.000+01:00
Traffic Light 4,color,Green,2014-02-21T11:35:24.000+01:00
Traffic Light 1,color,Yellow,2014-02-21T07:20:32.000+01:00
Traffic Light 4,color,Yellow,2014-02-21T01:07:57.000+01:00
Traffic Light 2,color,Yellow,2014-02-21T01:35:15.000+01:00
Traffic Light 4,color,Red,2014-02-21T02:53:02.000+01:00
Traffic Light 3,color,Yellow,2014-02-21T04:00:11.000+01:00
Traffic Light 2,color,Yellow,2014-02-21T03:16:50.000+01:00
Traffic Light 4,color,Red,2014-02-21T06:53:14.000+01:00
Traffic Light 1,color,Yellow,2014-02-21T11:26:48.000+01:00
Traffic Light 3,color,Red,2014-02-21T02:08:23.000+01:00
Traffic Light 3,color,Red,2014-02-21T09:30:22.000+01:00
Traffic Light 1,color,Green,2014-02-21T04:29:38.000+01:00
Traffic Light 1,color,Yellow,2014-02-21T04:07:19.000+01:00
Traffic Light 1,color,Red,2014-02-21T03:30:50.000+01:00
Traffic Light 2,color,Red,2014-02-21T09:51:55.000+01:00
Traffic Light 3,color,Yellow,2014-02-21T09:23:09.000+01:00
Traffic Light 2,color,Red,2014-02-21T05:39:15.000+01:00
Traffic Light 4,color,Red,2014-02-21T02:14:04.000+01:00
Traffic Light 1,color,Green,2014-02-21T05:18:58.000+01:00
Traffic Light 3,color,Red,2014-02-21T10:47:57.000+01:00
Traffic Light 4,color,Green,2014-02-21T04:20:44.000+01:00
Traffic Light 2,color,Red,2014-02-21T10:30:51.000+01:00
Traffic Light 3,color,Red,2014-02-21T03:30:37.000+01:00
Traffic Light 3,color,Red,2014-02-21T05:03:43.000+01:00
Traffic Light 3,color,Red,2014-02-21T01:02:18.000+01:00
Traffic Light 4,color,Red,2014-02-21T11:21:59.000+01:00
Traffic Light 1,color,Red,2014-02-21T06:42:39.000+01:00
Traffic Light 2,color,Red,2014-02-21T03:23:09.000+01:00
Traffic Light 1,color,Yellow,2014-02-21T09:59:46.000+01:00
Traffic Light 4,color,Yellow,2014-02-21T01:37:54.000+01:00
Traffic Light 3,color,Green,2014-02-21T11:22:55.000+01:00
Traffic Light 4,color,Red,2014-02-21T04:55:04.000+01:00
Traffic Light 3,color,Green,2014-02-21T09:13:10.000+01:00
Traffic Light 3,color,Yellow,2014-02-21T10:57:13.000+01:00
Traffic Light 3,color,Green,2014-02-21T10:33:58.000+01:00
Traffic Light 3,color,Red,2014-02-21T03:25:55.000+01:00
Traffic Light 1,color,Red,2014-02-21T03:52:43.000+01:00
Traffic Light 2,color,Yellow,2014-02-21T01:14:02.000+01:00
Traffic Light 1,color,Green,2014-02-21T11:47:36.000+01:00
Traffic Light 3,color,Yellow,2014-02-21T07:11:03.000+01:00
Traffic Light 2,color,Yellow,2014-02-21T00:31:10.000+01:00
Traffic Light 2,color,Yellow,2014-02-21T09:15:33.000+01:00
Traffic Light 1,color,Yellow,2014-02-21T02:27:42.000+01:00
Traffic Light 1,color,Yellow,2014-02-21T10:15:23.000+01:00
Traffic Light 4,color,Yellow,2014-02-21T02:25:12.000+01:00
Traffic Light 3,color,Yellow,2014-02-21T03:48:02.000+01:00
Traffic Light 2,color,Green,2014-02-21T07:13:31.000+01:00
Traffic Light 2,color,Green,2014-02-21T10:47:16.000+01:00
Traffic Light 2,color,Yellow,2014-02-21T06:45:18.000+01:00
Traffic Light 2,color,Yellow,2014-02-21T09:51:43.000+01:00
Traffic Light 4,color,Green,2014-02-21T00:20:51.000+01:00
Traffic Light 4,color,Green,2014-02-21T09:28:26.000+01:00
Traffic Light 4,color,Green,2014-02-21T06:04:16.000+01:00
Traffic Light 1,color,Green,2014-02-21T03:06:48.000+01:00
Traffic Light 2,color,Green,2014-02-21T07:04:05.000+01:00
Traffic Light 3,color,Green,2014-02-21T07:46:54.000+01:00
Traffic Light 1,color,Yellow,2014-02-21T11:32:31.000+01:00
Traffic Light 2,color,Red,2014-02-21T00:21:00.000+01:00
Traffic Light 1,color,Green,2014-02-21T11:03:29.000+01:00
Traffic Light 1,color,Yellow,2014-02-21T07:31:09.000+01:00
Traffic Light 1,color,Red,2014-02-21T10:03:42.000+01:00
Traffic Light 1,color,Green,2014-02-21T10:32:20.000+01:00
Traffic Light 3,color,Red,2014-02-21T03:07:23.000+01:00
Traffic Light 4,color,Yellow,2014-02-21T10:09:13.000+01:00
Traffic Light 2,color,Red,2014-02-21T02:53:39.000+01:00
Traffic Light 4,color,Yellow,2014-02-21T02:34:40.000+01:00
Traffic Light 3,color,Green,2014-02-21T11:37:12.000+01:00
Traffic Light 1,color,Red,2014-02-21T09:36:23.000+01:00
Traffic Light 4,color,Yellow,2014-02-21T10:46:36.000+01:00
Traffic Light 2,color,Red,2014-02-21T08:44:09.000+01:00
Traffic Light 3,color,Yellow,2014-02-21T09:57:18.000+01:00
Traffic Light 1,color,Yellow,2014-02-21T05:24:25.000+01:00
Traffic Light 3,color,Yellow,2014-02-21T01:59:12.000+01:00
Traffic Light 3,color,Yellow,2014-02-21T07:17:51.000+01:00
Traffic Light 2,color,Red,2014-02-21T08:57:15.000+01:00
Traffic Light 4,color,Green,2014-02-21T01:19:06.000+01:00
Traffic Light 2,color,Yellow,2014-02-21T03:00:27.000+01:00
Traffic Light 3,color,Red,2014-02-21T09:52:58.000+01:00
Traffic Light 4,color,Green,2014-02-21T11:18:54.000+01:00
Traffic Light 3,color,Yellow,2014-02-21T05:58:00.000+01:00
Traffic Light 1,color,Green,2014-02-21T03:24:29.000+01:00
Traffic Light 2,color,Yellow,2014-02-21T07:44:32.000+01:00
Traffic Light 3,color,Red,2014-02-21T07:58:55.000+01:00
Traffic Light 1,color,Yellow,2014-02-21T02:53:02.000+01:00
Traffic Light 3,color,Red,2014-02-21T11:01:35.000+01:00
Traffic Light 2,color,Red,2014-02-21T00:52:18.000+01:00
Traffic Light 4,color,Yellow,2014-02-21T08:30:58.000+01:00
Traffic Light 1,color,Yellow,2014-02-21T11:27:48.000+01:00
Traffic Light 4,color,Green,2014-02-21T08:04:06.000+01:00
Traffic Light 3,color,Red,2014-02-21T08:10:52.000+01:00
Traffic Light 2,color,Red,2014-02-21T06:37:42.000+01:00
Traffic Light 2,color,Red,2014-02-21T10:20:40.000+01:00
Traffic Light 1,color,Green,2014-02-21T03:21:18.000+01:00
Traffic Light 1,color,Yellow,2014-02-21T11:50:40.000+01:00
Traffic Light 3,color,Yellow,2014-02-21T01:26:44.000+01:00
Traffic Light 4,color,Red,2014-02-21T07:47:14.000+01:00
Traffic Light 2,color,Green,2014-02-21T09:31:46.000+01:00
Traffic Light 3,color,Green,2014-02-21T07:25:50.000+01:00
Traffic Light 2,color,Yellow,2014-02-21T03:26:50.000+01:00
Traffic Light 1,color,Yellow,2014-02-21T03:08:03.000+01:00
Traffic Light 1,color,Yellow,2014-02-21T03:15:57.000+01:00
Traffic Light 2,color,Red,2014-02-21T08:52:40.000+01:00
Traffic Light 1,color,Red,2014-02-21T01:36:36.000+01:00
Traffic Light 1,color,Green,2014-02-21T04:42:39.000+01:00
Traffic Light 1,color,Red,2014-02-21T11:03:48.000+01:00
Traffic Light 3,color,Red,2014-02-21T07:55:21.000+01:00
Traffic Light 4,color,Red,2014-02-21T06:35:41.000+01:00
Traffic Light 4,color,Red,2014-02-21T02:21:54.000+01:00
Traffic Light 3,color,Yellow,2014-02-21T02:14:24.000+01:00
Traffic Light 4,color,Yellow,2014-02-21T06:50:15.000+01:00
Traffic Light 2,color,Yellow,2014-02-21T03:03:42.000+01:00
Traffic Light 3,color,Green,2014-02-21T05:50:18.000+01:00
Traffic Light 1,color,Red,2014-02-21T06:39:45.000+01:00
Traffic Light 2,color,Yellow,2014-02-21T03:46:01.000+01:00
Traffic Light 4,color,Red,2014-02-21T01:20:37.000+01:00
Traffic Light 2,color,Red,2014-02-21T06:37:20.000+01:00
Traffic Light 1,color,Green,2014-02-21T00:44:37.000+01:00
Traffic Light 1,color,Red,2014-02-21T08:50:34.000+01:00
Traffic Light 3,color,Yellow,2014-02-21T04:20:44.000+01:00
Traffic Light 4,color,Yellow,2014-02-21T01:06:04.000+01:00
Traffic Light 3,color,Yellow,2014-02-21T08:44:10.000+01:00
Traffic Light 1,color,Green,2014-02-21T00:34:45.000+01:00
Traffic Light 3,color,Green,2014-02-21T08:11:43.000+01:00
Traffic Light 2,color,Yellow,2014-02-21T01:57:06.000+01:00
Traffic Light 4,color,Green,2014-02-21T09:41:45.000+01:00
Traffic Light 3,color,Green,2014-02-21T08:25:23.000+01:00
Traffic Light 4,color,Yellow,2014-02-21T03:38:04.000+01:00
Traffic Light 3,color,Green,2014-02-21T00:15:35.000+01:00
Traffic Light 3,color,Green,2014-02-21T04:52:32.000+01:00
Traffic Light 1,color,Green,2014-02-21T00:43:00.000+01:00
Traffic Light 2,color,Red,2014-02-21T07:45:17.000+01:00
Traffic Light 1,color,Red,2014-02-21T09:36:24.000+01:00
Traffic Light 4,color,Red,2014-02-21T01:07:44.000+01:00
Traffic Light 3,color,Green,2014-02-21T01:33:10.000+01:00
Traffic Light 2,color,Green,2014-02-21T07:14:16.000+01:00
Traffic Light 1,color,Red,2014-02-21T07:42:55.000+01:00
Traffic Light 1,color,Green,2014-02-21T01:38:20.000+01:00
Traffic Light 3,color,Green,2014-02-21T00:49:31.000+01:00
Traffic Light 2,color,Green,2014-02-21T04:47:21.000+01:00
Traffic Light 1,color,Yellow,2014-02-21T08:57:36.000+01:00
Traffic Light 1,color,Green,2014-02-21T08:33:15.000+01:00
Traffic Light 1,color,Yellow,2014-02-21T10:59:29.000+01:00
Traffic Light 1,color,Red,2014-02-21T01:11:38.000+01:00
Traffic Light 2,color,Green,2014-02-21T03:23:31.000+01:00
Traffic Light 4,color,Green,2014-02-21T06:58:57.000+01:00
Traffic Light 3,color,Green,2014-02-21T07:45:32.000+01:00
Traffic Light 3,color,Red,2014-02-21T07:41:34.000+01:00
Traffic Light 1,color,Yellow,2014-02-21T03:04:33.000+01:00
Traffic Light 3,color,Green,2014-02-21T01:23:45.000+01:00
Traffic Light 4,color,Green,2014-02-21T04:48:04.000+01:00
Traffic Light 1,color,Red,2014-02-21T00:58:55.000+01:00
Traffic Light 3,color,Yellow,2014-02-21T10:42:03.000+01:00
Traffic Light 1,color,Yellow,2014-02-21T09:55:11.000+01:00
Traffic Light 1,color,Red,2014-02-21T08:19:45.000+01:00
Traffic Light 1,color,Yellow,2014-02-21T04:30:59.000+01:00
Traffic Light 3,color,Red,2014-02-21T03:14:00.000+01:00
Traffic Light 2,color,Yellow,2014-02-21T04:43:09.000+01:00
Traffic Light 3,color,Green,2014-02-21T06:45:17.000+01:00
Traffic Light 4,color,Green,2014-02-21T02:18:33.000+01:00
Traffic Light 2,color,Yellow,2014-02-21T08:09:07.000+01:00
Traffic Light 2,color,Yellow,2014-02-21T01:03:51.000+01:00
Traffic Light 1,color,Yellow,2014-02-21T11:24:17.000+01:00
Traffic Light 2,color,Green,2014-02-21T09:26:45.000+01:00
Traffic Light 4,color,Yellow,2014-02-21T03:02:10.000+01:00
Traffic Light 4,color,Green,2014-02-21T01:10:19.000+01:00
Traffic Light 4,color,Yellow,2014-02-21T00:20:08.000+01:00
Traffic Light 3,color,Red,2014-02-21T07:45:23.000+01:00
Traffic Light 4,color,Yellow,2014-02-21T11:38:43.000+01:00
Traffic Light 2,color,Green,2014-02-21T06:04:12.000+01:00
Traffic Light 2,color,Red,2014-02-21T07:50:25.000+01:00
Traffic Light 4,color,Yellow,2014-02-21T11:02:11.000+01:00
Traffic Light 2,color,Yellow,2014-02-21T07:08:43.000+01:00
Traffic Light 2,color,Red,2014-02-21T00:03:44.000+01:00
Traffic Light 4,color,Yellow,2014-02-21T03:06:52.000+01:00
Traffic Light 2,color,Yellow,2014-02-21T02:02:26.000+01:00
Traffic Light 2,color,Red,2014-02-21T11:28:37.000+01:00
Traffic Light 2,color,Red,2014-02-21T06:26:05.000+01:00
Traffic Light 1,color,Yellow,2014-02-21T09:41:04.000+01:00
Traffic Light 1,color,Red,2014-02-21T07:59:49.000+01:00
Traffic Light 4,color,Yellow,2014-02-21T03:10:00.000+01:00
Traffic Light 4,color,Green,2014-02-21T01:34:20.000+01:00
Traffic Light 2,color,Red,2014-02-21T10:56:48.000+01:00
Traffic Light 1,color,Red,2014-02-21T04:16:24.000+01:00
Traffic Light 2,color,Green,2014-02-21T02:23:10.000+01:00
Traffic Light 1,color,Green,2014-02-21T08:22:57.000+01:00
Traffic Light 3,color,Green,2014-02-21T00:42:51.000+01:00
Traffic Light 1,color,Red,2014-02-21T06:30:15.000+01:00
Traffic Light 1,color,Green,2014-02-21T04:06:21.000+01:00
Traffic Light 2,color,Red,2014-02-21T11:58:00.000+01:00
Traffic Light 2,color,Green,2014-02-21T05:40:10.000+01:00
Traffic Light 2,color,Red,2014-02-21T06:24:44.000+01:00
Traffic Light 4,color,Green,2014-02-21T00:26:16.000+01:00
Traffic Light 3,color,Green,2014-02-21T10:24:21.000+01:00
Traffic Light 4,color,Yellow,2014-02-21T06:55:17.000+01:00
Traffic Light 2,color,Yellow,2014-02-21T11:56:53.000+01:00
Traffic Light 1,color,Red,2014-02-21T01:21:43.000+01:00
Traffic Light 3,color,Yellow,2014-02-21T02:48:15.000+01:00
Traffic Light 2,color,Red,2014-02-21T08:56:14.000+01:00
Traffic Light 1,color,Red,2014-02-21T08:39:29.000+01:00
Traffic Light 1,color,Yellow,2014-02-21T08:26:36.000+01:00
Traffic Light 3,color,Green,2014-02-21T08:10:14.000+01:00
Traffic Light 4,color,Green,2014-02-21T09:24:15.000+01:00
Traffic Light 4,color,Yellow,2014-02-21T06:15:22.000+01:00
Traffic Light 2,color,Red,2014-02-21T11:24:35.000+01:00
Traffic Light 1,color,Red,2014-02-21T11:37:26.000+01:00
Traffic Light 3,color,Red,2014-02-21T11:55:43.000+01:00
Traffic Light 2,color,Green,2014-02-21T10:36:34.000+01:00
Traffic Light 3,color,Yellow,2014-02-21T09:34:13.000+01:00
Traffic Light 3,color,Red,2014-02-21T00:26:46.000+01:00
Traffic Light 4,color,Green,2014-02-21T03:17:33.000+01:00
Traffic Light 2,color,Yellow,2014-02-21T08:35:10.000+01:00
Traffic Light 4,color,Red,2014-02-21T05:35:17.000+01:00
Traffic Light 3,color,Red,2014-02-21T00:15:38.000+01:00
Traffic Light 3,color,Yellow,2014-02-21T05:32:09.000+01:00
Traffic Light 2,color,Yellow,2014-02-21T08:15:17.000+01:00
Traffic Light 2,color,Yellow,2014-02-21T05:26:51.000+01:00
Traffic Light 2,color,Red,2014-02-21T09:43:41.000+01:00
Traffic Light 4,color,Yellow,2014-02-21T07:11:27.000+01:00
Traffic Light 2,color,Green,2014-02-21T07:18:26.000+01:00
Traffic Light 4,color,Yellow,2014-02-21T00:47:18.000+01:00
Traffic Light 2,color,Green,2014-02-21T06:04:14.000+01:00
Traffic Light 2,color,Yellow,2014-02-21T11:28:09.000+01:00
Traffic Light 1,color,Red,2014-02-21T11:24:06.000+01:00
Traffic Light 3,color,Green,2014-02-21T00:30:41.000+01:00
Traffic Light 2,color,Green,2014-02-21T10:20:09.000+01:00
Traffic Light 3,color,Green,2014-02-21T03:41:08.000+01:00
Traffic Light 3,color,Green,2014-02-21T08:16:13.000+01:00
Traffic Light 1,color,Red,2014-02-21T04:21:09.000+01:00
Traffic Light 1,color,Green,2014-02-21T09:29:32.000+01:00
Traffic Light 2,color,Yellow,2014-02-21T01:05:23.000+01:00
Traffic Light 4,color,Yellow,2014-02-21T07:03:22.000+01:00
Traffic Light 1,color,Red,2014-02-21T09:13:14.000+01:00
Traffic Light 3,color,Red,2014-02-21T05:35:24.000+01:00
Traffic Light 2,color,Green,2014-02-21T00:09:18.000+01:00
Traffic Light 4,color,Yellow,2014-02-21T01:11:47.000+01:00
Traffic Light 2,color,Red,2014-02-21T00:06:57.000+01:00
Traffic Light 1,color,Red,2014-02-21T00:03:51.000+01:00
Traffic Light 3,color,Red,2014-02-21T10:26:51.000+01:00
Traffic Light 3,color,Red,2014-02-21T04:45:02.000+01:00
Traffic Light 1,color,Green,2014-02-21T00:20:43.000+01:00
Traffic Light 2,color,Yellow,2014-02-21T07:55:26.000+01:00
Traffic Light 4,color,Green,2014-02-21T11:58:55.000+01:00
Traffic Light 2,color,Red,2014-02-21T06:00:47.000+01:00
Traffic Light 4,color,Yellow,2014-02-21T05:03:29.000+01:00
Traffic Light 1,color,Green,2014-02-21T03:41:23.000+01:00
Traffic Light 4,color,Green,2014-02-21T10:47:19.000+01:00
Traffic Light 4,color,Green,2014-02-21T03:01:31.000+01:00
Traffic Light 4,color,Red,2014-02-21T10:06:11.000+01:00
Traffic Light 2,color,Red,2014-02-21T00:37:46.000+01:00
Traffic Light 2,color,Red,2014-02-21T07:25:25.000+01:00
Traffic Light 4,color,Yellow,2014-02-21T02:55:57.000+01:00
Traffic Light 3,color,Green,2014-02-21T07:56:02.000+01:00
Traffic Light 2,color,Red,2014-02-21T06:44:09.000+01:00
Traffic Light 3,color,Yellow,2014-02-21T03:44:22.000+01:00
Traffic Light 4,color,Green,2014-02-21T05:48:30.000+01:00
Traffic Light 4,color,Red,2014-02-21T08:28:37.000+01:00
Traffic Light 2,color,Yellow,2014-02-21T09:26:16.000+01:00
Traffic Light 2,color,Yellow,2014-02-21T08:38:54.000+01:00
Traffic Light 1,color,Green,2014-02-21T01:50:22.000+01:00
Traffic Light 4,color,Red,2014-02-21T02:10:28.000+01:00
Traffic Light 1,color,Green,2014-02-21T05:24:26.000+01:00
Traffic Light 2,color,Green,2014-02-21T04:35:32.000+01:00
Traffic Light 3,color,Yellow,2014-02-21T04:22:46.000+01:00
Traffic Light 1,color,Yellow,2014-02-21T11:00:09.000+01:00
Traffic Light 2,color,Yellow,2014-02-21T11:39:41.000+01:00
Traffic Light 1,color,Yellow,2014-02-21T05:50:45.000+01:00
Traffic Light 1,color,Red,2014-02-21T08:18:05.000+01:00
Traffic Light 4,color,Green,2014-02-21T02:03:08.000+01:00
Traffic Light 4,color,Red,2014-02-21T04:05:13.000+01:00
Traffic Light 4,color,Red,2014-02-21T07:00:39.000+01:00
Traffic Light 3,color,Green,2014-02-21T02:01:14.000+01:00
Traffic Light 1,color,Green,2014-02-21T00:15:39.000+01:00
Traffic Light 4,color,Green,2014-02-21T06:12:56.000+01:00
Traffic Light 2,color,Red,2014-02-21T02:12:35.000+01:00
Traffic Light 4,color,Green,2014-02-21T02:12:09.000+01:00
Traffic Light 3,color,Yellow,2014-02-21T00:38:55.000+01:00
Traffic Light 2,color,Red,2014-02-21T02:39:07.000+01:00
Traffic Light 4,color,Red,2014-02-21T11:38:48.000+01:00
Traffic Light 2,color,Yellow,2014-02-21T11:36:46.000+01:00
Traffic Light 2,color,Green,2014-02-21T02:56:42.000+01:00
Traffic Light 2,color,Yellow,2014-02-21T05:49:48.000+01:00
Traffic Light 3,color,Red,2014-02-21T02:57:29.000+01:00
Traffic Light 1,color,Green,2014-02-21T07:01:08.000+01:00
Traffic Light 2,color,Green,2014-02-21T06:29:25.000+01:00
Traffic Light 2,color,Green,2014-02-21T07:45:15.000+01:00
Traffic Light 3,color,Green,2014-02-21T02:29:39.000+01:00
Traffic Light 4,color,Yellow,2014-02-21T07:57:51.000+01:00
Traffic Light 4,color,Yellow,2014-02-21T11:04:01.000+01:00
Traffic Light 1,color,Red,2014-02-21T03:47:28.000+01:00
Traffic Light 3,color,Green,2014-02-21T10:54:16.000+01:00
Traffic Light 4,color,Yellow,2014-02-21T09:05:59.000+01:00
Traffic Light 2,color,Yellow,2014-02-21T01:24:43.000+01:00
Traffic Light 3,color,Green,2014-02-21T07:07:24.000+01:00
Traffic Light 2,color,Yellow,2014-02-21T05:31:01.000+01:00
Traffic Light 2,color,Green,2014-02-21T06:10:09.000+01:00
Traffic Light 4,color,Green,2014-02-21T06:38:57.000+01:00
Traffic Light 4,color,Green,2014-02-21T01:55:18.000+01:00
Traffic Light 2,color,Green,2014-02-21T00:22:08.000+01:00
Traffic Light 4,color,Yellow,2014-02-21T08:12:53.000+01:00
Traffic Light 2,color,Green,2014-02-21T06:01:25.000+01:00
Traffic Light 4,color,Green,2014-02-21T02:15:20.000+01:00
Traffic Light 1,color,Red,2014-02-21T02:52:37.000+01:00
Traffic Light 2,color,Yellow,2014-02-21T10:01:06.000+01:00
Traffic Light 1,color,Green,2014-02-21T11:10:41.000+01:00
Traffic Light 2,color,Green,2014-02-21T07:41:13.000+01:00
Traffic Light 4,color,Yellow,2014-02-21T04:23:55.000+01:00
Traffic Light 1,color,Yellow,2014-02-21T07:27:27.000+01:00
Traffic Light 1,color,Yellow,2014-02-21T04:08:19.000+01:00
Traffic Light 1,color,Red,2014-02-21T00:15:13.000+01:00
Traffic Light 1,color,Red,2014-02-21T08:04:01.000+01:00
Traffic Light 1,color,Yellow,2014-02-21T06:35:50.000+01:00
Traffic Light 3,color,Green,2014-02-21T00:00:12.000+01:00
Traffic Light 1,color,Green,2014-02-21T00:22:32.000+01:00
Traffic Light 3,color,Yellow,2014-02-21T06:59:52.000+01:00
Traffic Light 4,color,Red,2014-02-21T02:27:30.000+01:00
Traffic Light 4,color,Yellow,2014-02-21T03:10:44.000+01:00
Traffic Light 1,color,Yellow,2014-02-21T00:28:34.000+01:00
Traffic Light 1,color,Green,2014-02-21T06:25:26.000+01:00
Traffic Light 1,color,Red,2014-02-21T06:24:19.000+01:00
Traffic Light 3,color,Red,2014-02-21T09:03:26.000+01:00
Traffic Light 4,color,Green,2014-02-21T11:02:55.000+01:00
Traffic Light 4,color,Yellow,2014-02-21T09:09:05.000+01:00
Traffic Light 2,color,Yellow,2014-02-21T04:46:21.000+01:00
Traffic Light 4,color,Yellow,2014-02-21T00:27:10.000+01:00
Traffic Light 3,color,Yellow,2014-02-21T03:12:55.000+01:00
